<?xml version="1.0"?>
<schema xmlns="http://www.w3.org/2000/10/XMLSchema">
	<!-- XSchema definition for ace entity-->
	<element name="Entity">
	  <complexType>
	    <attribute name="type"  use="required">
		  <simpleType>
		    <restriction base="string">
			  <enumeration value="gpe"/>
			  <enumeration value="per"/>
			  <enumeration value="org"/>
			  <enumeration value="fac"/>
                          <enumeration value="loc"/>
		    </restriction>
		</simpleType>	 
	</attribute>
  </complexType>
</element>
</schema>
